@pid,text
347/8698,Mohsin Furkh Dar
06/10134,Avatharam Ganivada
357/2399,Srinivas Yara
232/7343,Shadab Ahmad
18/2296,Rajarshi Pal
99/1547,Sheela Ramanna
p/SankarKPal,Sankar K. Pal
r/ShubhraSankarRay,Shubhra Sankar Ray
58/4984,Soumitra Dutta
154/0544,Raveen S.
23/2953,P. S. V. S. Sai Prasad
07/5281-1,Chillarige Raghavendra Rao
80/9766,Rama Devi Yellasiri
19/9767,P. Venu Gopal
10/2362,P. N. Girija
361/3616,Vadlamudi Aadarsh
88/6447-10,Anil Kumar 0010
253/9840,Pandu Sowkuntla
253/9908,Abhimanyu Bar
295/9491,Yelleti Vivek
285/5885,Sravya Dunna
295/9491,Vivek Yelleti
253/9794,Kiran Bandagar
98/6017,Salman Abdul Moiz
255/1939,Neeli Lakshmi Pavani
77/10593,K. Swarupa Rani
211/7551,U. Venkata Divya
190/4474,H. Bala Subrahmanyam
127/5330,Praveen Kumar Singh
192/5685,Shashikant Ilager
54/1876,Soumen Ghosh
07/5281-1,C. Raghavendra Rao 0001
06/9767,K. Hima Bindu
79/10595,Mohammed Hussein Shukur
51/1349,T. Sobha Rani
63/2890,S. Durga Bhavani
99/3843,G. Narahari Sastry
50/1424,Surampudi Bapi Raju
38/10603,B. Ravindra Reddy
50/1424,Raju S. Bapi
78/4454,Anuj Kumar
39/5747,Pramod Kumar Upadhyay
337/9103,S. Tejaswi
89/5270,V. N. Sastry
63/2890,Durga Bhavani S.
280/6293,Swati Katiyar
272/8952,Rahul Kumar Gautam
138/0168,Anjeneya Swami Kare
273/4291,Ramesh Bobby Addanki
367/2355,Sandhya Rani D
367/0197,Bala Krishna G
348/1137,Monachary Kammari
141/2142,T. Jaya Lakshmi
337/0924,Indu Rodda
255/9422,Anu Beniwal
124/2883,Gourav Roy
255/9894,M. Dhilber
132/8249,Ankur Sharma
253/9895,Ritwik Malla
234/0495,Vivek Singh Baghel
211/7559,Y. Divya Brahmani
86/10122,Prathuri Jhansi Rani
271/3044,Rodda Monica
177/2429,D. Shiva Shankar
173/8436,Jatharakonda Mallesham
124/3662,K. Suvarna Vani
152/3684,D. Sandhya Rani
140/2965,Mohamed Mustafa Faisan
117/9890,Saifuddin Kaijar
86/200,Somdatta Sinha
63/10193,Venkatesh Bandaru
60/9115,V. Umakanta Sastry
77/9115,N. Ravi Shankar
95/6184,Arun K. Pujari
69/5176,P. John Paul
120/4559,H. T. Rassem
262/9805,Jyotsna Suryadevara
262/9571,Bollam Sunil
21/10736,Nagender Kumar Suryadevara
183/7211,Mohd Irfan
406/6738,RK Sanayaima Singh
315/3977,Manisha Kumari
21/10736,N. K. Suryadevara
44/4000,Subhas Chandra Mukhopadhyay
44/4000,Subhas Mukhopadhyay
244/3941,Anuroop Gaddam
07/4321,Dhananjay R. Thiruvady
231/4850,Anindya Nag
227/4352,Subham Saha
27/4744,Ashish Gupta
00/9387,Shantanu Pal
262/7755,Srinivasa Raju Rudraraju
73/4368,Atul Negi
262/7945,S. R. Sahith
44/4000,Subhas C. Mukhopadhyay
159/7272,L. Barrack
182/3970,Hemant Ghayvat
78/10516,Xiang Gui
52/6803,Chia-Pang Chen
57/5398,Joe-Air Jiang
44/4000,S. C. Mukhopadhyay 0001
249/3508,Munhaw Kam
249/3827,Satinder Pal Singh Gill
46/4502,R. Wang
137/3633,R. K. Rayudu
29/7392,Y. M. Huang
360/4489,Tauseef Quazi
399/5542,Madhuri Latha Madaka
91/1525,Chakravarthy Bhagvati
393/7137,Yogesh Surapaneni
304/2412,Arkaprabha Basu
46/5522,Sandip Paul
268/6622,Sreeya Ghosh
00/3298,Swagatam Das
79/2737,Bhabatosh Chanda
s/VaclavSnasel,Václav Snásel
213/8486,Laiphangbam Melinda
344/6684,V. Padma
226/4030,Niyishaka Patrick
184/0932,K. H. Salman
258/8817,Rakesh Kummari
12/10400-1,P. Pavan Kumar 0001
97/3869,Arun Agarwal
140/1875,Ilaiah Kavati
44/57,Munaga V. N. K. Prasad
233/1306,Deepthi Kalavala
213/8478,Raghu Ghanapuram
217/4352,Sukumar Burra
40/1553,Amit Patel
47/7688,R. Padmavathy
50/971,Y. V. Subba Rao
144/2986,Dilip Kumar Nayak
269/4659,J. V. R. Sagar
16/5380,Anupama Potluri
158/4380,N. Anil Kumar
10/9698,S. M. Renuka Devi
78/5943,Bulusu Lakshmana Deekshatulu
54/1487,Sudhakara P. Reddy
25/4917,Haritha Dasari
41/225,Chaithanya Pichuka
10/3288,J. Naveen Kumar Reddy
72/5467,R. K. Jain
126/0013,K. Jalaja
89/5755,Challa S. Sastry
95/816,K. Kiran Kumar
38/82,J. Nileema
81/5083,Priti Chandra
38/5654,Tanuku Ravi
12/5525,S. Mahesh Kumar
98/5062,B. Krishna
12/4561,Michael M. Skolnick
142/3714,Dimitri A. Grivas
246/8759,Aditya Kumar Sahu
344/6414,Krishnan Umachandran
344/6455,Vaishali D. Biradar
344/6790,Olebara Comfort
248/6180,V. Sri Vigna Hema
344/6528,Frank Odimegwu
344/6493,Saifullah M. A
387/7025,Ali Nadim Alhaj
05/2858,Wilson Naik Bhukya
31/9532,Rajendra Prasad Lal
366/2577,N. Govind
392/4709,Shivanvitha Ambati
98/255,Vineet Padmanabhan
230/4238,Akshay Badola
309/5762,Cherian Roy
316/7605,Jagjeet Suryawanshi
309/7711,Saifulla Md. Abdul
309/7679,Amarajyothi Aramanda
124/3571,Nazrul Hoque
30/8485,Nooraini Yusoff
232/9176,Abhaya Kumar Pradhan
74/5678,Hrushikesha Mohanty
177/7195,Nishma Laitonjam
48/9217,Namita Das
44/9532,Chandra Kishore Mohapatra
339/2160,Sangam Balchandar Reddy
365/3083,Vivek Kumar Rajak
337/9361,Leela Srija Alla
38/7531,N. R. Aravind
12/7758,Subrahmanyam Kalyanasundaram
213/9069,Sriram Bhyravarapu
13/4416-1,Saurabh Joshi 0001
94/6484,Varun Kumar
144/7801,Akanksha Agrawal 0001
144/7820,Juho Lauri
85/6789,Neeldhara Misra
158/8471,I. Vinod Reddy
276/8735,Sreshta Valluru
98/4046,Sanjeev Saxena
355/4839,Khaleda Afroaz
83/9943,N. Rukma Rekha
382/6528,Shiva Krishna Nallabothu
347/3660,Rolla Subrahmanyam
329/6769,S. Devidas
34/9944,S. S. Brahmananda Rao
76/9943,K. V. S. S. R. S. S. Sarma
245/2585,Prasad Bhavana
401/1399,Yash Kumar Sharma
350/3124,Wilson Naik
s/AbdulSattar,Abdul Sattar 0001
350/3194,Nageswar Rao Kota
155/4429,Sowmini Devi Veeramachaneni
21/1587-3,Vikas Kumar 0003
137/3335,Venkateswara Rao Kagita
335/1130,Brahmani Nutakki
167/7763,Gopal N. Rai
10/3459,G. R. Gangadharan
b/RajkumarBuyya,Rajkumar Buyya
67/2967,Haris Aziz 0001
186/6919,Ayangleima Laishram
177/7323,Sandeep Kumar Sahu
167/0295,Tadiparthi V. R. Himabindu
90/10595,Kollapalli Ramesh Babu
230/4220,Thomas Cherian
155/4429,Sowmini Devi V.
138/2478,Vidyadhar Rao
313/4078,Rosni K. Vasu
186/6844,Satya Prakash Sahu
04/3517,Siba Kumar Udgata
157/6047,Anubhuti Garg
177/7213,Krishna Charan Meka
177/7449,Pranay Goud
176/5246,Harshit Sethy
160/3463,Abinash Pujahari
138/0176,Upendra Kumar Singh
13/3036,Abhishek Anand
135/3348,Prabhu Kiran
24/5491,Kaifu Zhang
44/6152,Theodoros Evgeniou
83/10452,Emile Richard
11/9834,Pushan Dutt
g/GuidoGovernatori,Guido Governatori
26/10594,Siva Krishna Seemala
89/4715,Antonino Rotolo
07/7886,Rakesh Niraj
78/7888,P. B. Seetharaman
37/5501,Subhasis Thakur
00/3068,Jenny Eriksson Lundström
33/4232,Ruopeng Lu
s/SWSadiq,Shazia Sadiq
89/1378,Robert M. Colomb
80/5001,Kaile Su
52/2483-1,Kewen Wang 0001
23/5725,Xiangyu Luo
94/4665,Hau L. Lee
01/1787,Seungjin Whang
36/1294,Chinmoy Goswami
295/9547,Dolton Fernandes
202/6096,Pramod S. Kaushik
187/5052,Harsh Shukla
50/1424,Bapi Raju Surampudi
50/1424,Raju Surampudi Bapi
318/1022,Shivam Kumar Sharma
356/9828,Suvadeep Maiti
356/9857,S. Mythirayee
318/0948,Srijithesh Rajendran
50/1424,S. Bapi Raju
k/SandeepSKulkarni,Sandeep S. Kulkarni
54/5083,Swarup Mohalik
41/5564,Sathya Peri
163/2541,Maxime Carrere
83/308,Frédéric Alexandre
30/4045,Chandrasekhar V. S. Pammi
00/4508,Krishna P. Miyapuram
30/5645,Ahmed
20/6691,Kazuyuki Samejima
00/100,Kenji Doya
68/418,A. Srinivas Reddy
91/5056,H. S. Durga Amarnath
76/3383,G. Madhavi Sastry
64/5394,S. Kumar Chenna
00/6486,Yogesh Kr. Jain
00/5123,Himanshu Kapoor
93/6779,Narri Yadaiah
32/4960,V. Seshagiri Rao
50/3670,M. Krishna Prasad
62/2807,John G. Taylor
80/783,Neill R. Taylor
17/4599,Guido Bugmann
04/7036,Daniel S. Levine 0001
190/1709,Subba Reddy Oota
295/9983,Zijiao Chen
g/ManishGupta1,Manish Gupta 0001
19/10744,Gaël Jobard
118/8222,Xavier Hinaut
299/8490,Khushbu Pahwa
206/3366,Mounika Marreddy
404/8175,Maneesh Kumar Singh 0002
409/1537,Akshett Jindal
255/8493,Ishani Mondal
362/5934,Satya Sai Srinath Namburi
65/3881,Manish Shrivastava 0001
150/3952,Madhavi Alamuri
282/8718,Mehul Arora
372/4912,Chirag Shantilal Jain
303/0899,Lalith Bharadwaj Baru
185/2375,Kamalaker Dadi
359/2027,Prantik Deb
374/1953,Rohan R. Donapati
212/4554,Anuj Shukla
361/2926,Praveen Kumar Vesapogu
330/7461,Pindi Krishna Chandra Prasad
353/6821,Upadrasta Naga Sita Sravanthi
318/0941,Kamalakar Dadi
252/0083,P. N. Sylaja
57/1053,C. Kesavadas
353/7219,Srijithesh PR
353/6891,Rinta Paul
353/6802,Gautham Venugopal
50/1424,Bapi Surampudi Raju
319/7298,Veeral Agarwal
176/3758,Rakesh Sengupta
316/0198,Anindya Pattanayak
225/5338,Kushal Borkar
341/7172,Anusha Chaturvedi
225/0835,P. K. Vinod
318/3278,Jashn Arora
160/4677,Mariya Toneva
230/2052,Vijay Rowtula
06/8506,Anirban Bandyopadhyay
67/6126,Sayan Ghosh
294/0401,Dipayan Biswas
88/4668,V. Srinivasa Chakravarthy
330/7167,P. L. Ammar Ahmed
330/7401,Archi Yadav
08/4811-1,Avinash Sharma 0001
330/7379,Arpita Dash
155/5935,Dipanjan Roy
289/5811,Yash Khare
312/8622,Ekansh Chauhan
318/4401,Swathi Guptha
310/4227,Likith Reddy
318/0928,Vamsi Kumar
158/4179,Chiranjeevi Yarra
148/4805,Pramod Kaushik
212/4459,Sneha Kummetha
254/9091,Perusha Moodley
00/2095,Vivek Talwar
298/1386,Shanmukh Alle
88/9499,U. Deva Priyakumar
196/6893,Md. Qutubuddin
295/3943,Tilahun Kochito Gibo
28/8536,John Eric Steephen
279/3751,Siva C. Obbineni
234/6076,Krishn Bera
255/5028,Yash Mandilwar
229/9512,Sriniwas Govinda Surampudi
229/9487,Joyneel Misra
35/4888,Gustavo Deco
253/9869,Preetam Srikar Dammu
234/6106,Tejas Savalia
17/2536,Naresh Manwani
242/6943,Vatika Harlalka
141/0169,Palakkad Krishnan Unni Vinod
225/0917,Noor Pratap Singh
166/0962,Abobakr Khalil Alshamiri
01/1744-1,Alok Singh 0001
230/7978,Adithya Avvaru
212/3960,Remya Sankar
190/2184,Shruti Naik
190/1709,Oota Subbareddy
09/2098,Arpan Banerjee
184/7790,Bhargav Teja Nallapu
34/5686,Nicolas P. Rougier
131/8876,Gautam Malu
92/1551,Bipin Indurkhya
193/8545,Anirudh Nihalani Vattikonda
261/6391,Jagadeeswara Rao Annam
174/5949,Pankaj Singh Dholaniya
21/5014,Soumitra Ghosh
69/9654,Anand K. Kondapi
165/3944,Kavita Vemuri
53/7625,M. A. H. Farquad
19/1273,Vadlamani Ravi
49/5289,T. Maruthi Padmaja
74/353,Rudra N. Hota
10/4403,P. Radha Krishna 0001
39/8580,Shesharao M. Wanjerkhede
145/5164,Vithal D. Mytri
152/8090,Ujjval Pamnani
154/0621,Komala Anamalamudi
154/0545,Madhavilatha Maganti
176/3062,Anvita Gopal
176/3332,Prajit Basu
123/2887,David Melcher
53/7625,Mohammad Abdul Haque Farquad
62/5020,Denny Joseph
02/3108-1,Pradeep Kumar 0001
42/4206,Supriya Kumar De
26/1943,Vishwajeet Singh
07/6027,Narendra Dhulipalla
44/511,Arijit Laha
229/3034,F. X. Graydon
10/4403,Pisipati Radha Krishna
31/6526,Lakshman Singh
40/1323,M. Venkateswara Rao
19/4817,Brendan D&apos;Cruz
d/MJDenham,Michael J. Denham
28/1807-5,Abdul Basit 0005
375/0791,Chanakya Patibandla
66/8044,V. Ch. Venkaiah
252/2818,Abdulsalam Alammari
34/10977,N. Md. Jubair Basha
65/7827,A. A. Moiz Qyser
258/7235,Bheekya Dharamsotu
350/3434,Harinath Kuruva
236/4709,Thirupathi Guggulothu
73/11143,Mohammed Rizwanullah
14/1638,Lakshmi Rajamani
69/7668,Supriya N. Pal
154/2041,Mohammed Khaja Nizamuddin
350/2944,A. Sandhya Rani
350/3189,Ashwitha Gatadi
350/3096,Maneesha Gudapati
277/7279,Bhargavi B.
333/3948,Arunjyoti Neog
44/3321,V. Kamakshi Prasad
201/8313,Guduri Prathyusha
162/2309,Antar Shaddad Abdul-Qawy
141/2139,Geetha Sowjanya Akula
141/2017,Chaitanya Balantrapu
141/2162,Nirmoy Das
140/2994,Krishna Vutukuri
140/3448,Garvit Sharma
08/1149,Sravanthi Bhavanam
06/5891,Jaya L. Yeruva
83/3215,Tholoana Masupha
44/3426,Nevadita Chatterjee
f/TWFinin,Tim Finin
347/4545,Chelliah Thirunavukkarasu
40/2331,Don McKay
32/1903,Robin McEntire
88/3397,Amit K. Sharma
30/2519,Nikunj Thakral
04/3517,Siba K. Udgata
194/4147,Ashok K. Mittal
06/3230,S. K. Gupta
33/8830,S. Mini 0001
138/4252,Krutika Verma
138/4214,Mukesh K. Jadon
211/5739,Anil Goyal
90/2375,Alok Sharma
25/2700,Kuldip K. Paliwal
90/5887,A. K. Shiny
17/4711,K. Shanmukh
84/6691,B. Lavakusha
67/4518,P. G. Reddy
21/4025,R. Ethindra Kumar
361/6575,Aditya Sai Ellendula
350/0876,Shamal Shaikh
354/7435,Adamya Shyam
71/4370,Anshuman Singh
348/5750,Pavan Kalyan Reddy Neerudu
348/5621,Rohit Kumar Bondugula
01/7458,Arko Banerjee
60/9099,Chhabi Rani Panigrahi
128/3111,Bibudhendu Pati
168/3298,Suvendu Chandan Nayak
81/3025,Tien-Hsiung Weng
286/0781,Rasmikanta Pati
286/0828,Padmavati Gahan
154/8591,Trideba Padhi
159/9388,Prabhanjan Sahoo
139/5374,Chandana Mitra
117/9895,Tusar Kanti Mishra
02/408,Subrat Kumar Dash
52/5635,Krupa Sagar Reddy
85/2507,Manju Chaudhary
118/3889,P. Rajasekhara
90/1136-1,R. Sekar 0001
27/443-1,Sanjay Rawat 0001
78/556,Ved Prakash Gulati
32/6808,M. Ravindranath
40/5570,A. R. Dani
29/8361,Krishna Sandeep Reddy Dubba
122/1949,V. Radha 0001
95/479,Ravi Sankar Veerubhotla
82/6189,Ashutosh Saxena
01/7631,Mala Dutta
94/205,Anjana Kakoti Mahanta
283/2679,Challa Dhanunjaya Naidu
95/6176,M. Sreenivasa Rao
82/1341,B. C. Jinaga
21/2102,T. Adilakshmi
47/7027,G. Vijaya Kumari
90/377-1,Bala Srinivasan 0001
35/5079,M. B. Sukhaswami
86/6120,P. Seetharamulu
09/4484,V. B. Nitya
89/1379,N. Sridevi
90/1029,Deepak Bhatnagar
59/6687,Anita G. Pai
75/2542,H. Usha
43/6388,S. L. Mehndiratta
35/10123,Hamed Saljooghinejad
04/10594,Sateesh Kumar Banothu
20/2057,Suneel Kumar Kommuru
20/7851,Vasavi Junapudi
43/7850,Gauri K. Udgata
154/0888,U. Anuradha
154/0924,G. Pavan Kumar
154/0934,Shobhit Srivastava
154/0907,Hitesh Mahajan
318/7400,P. Sruthi
387/7242,Pravindra Shekhar Shakunt
207/9420,Ramesh Kumar Sahoo
40/449,Sateesh Kumar Pradhan
01/9553,Srinivas Sethi
370/2205,Gayathri Gorrepati
406/6018,Sruthi P
313/8020,Kaushik Bhargav Sivangi
51/7-2,Ajit Kumar Sahoo 0002
342/7099,Dipak K. Agrawal
39/6222,Wipawee Usaha
406/5524,Sriyanka Satapathy
316/2883,Bhawani Shankar Pattnaik
316/2639,Arunima Sambhuta Pattanayak
149/6586,Ajit Kumar Panda
138/5284,Yogendra Kumar
337/0117,Somayya Avadut
177/7099,Susil Kumar Mohanty
121/0185,Poongodi Chinnasamy
275/1404,Lalitha Krishnasamy
294/0546,Jeevanantham A
294/0586,Gowthami Javvaji
147/3557,Supriya Das
279/0384,Arun Avinash Chauhan
184/7470,Pavan Kumar Mishra
184/7510,Sudhakar Pandey
56/8897,Sanjay Kumar Biswash
09/8309,R. Thangarajan
121/0185,Chinnasamy Poongodi
207/1079,Ambika Prasad Sahu
83/6158,Suresh Chandra Satapathy
122/1800,Vikrant Bhateja
73/2412,Prasant Kumar Pattnaik 0001
163/9381,Hisham M. Alsaghier
120/3613,Shaik Shakeel Ahamad
86/7864,L. S. S. Reddy
190/4125,H. Yerranna
12/4391,Samrat L. Sabat
190/4250,D. K. Sunil
166/5323,Anup Kumar Maurya
139/1804,Bhabendra Narayan Biswal
32/71,J. K. Mandal 0001
132/9640,Kiran Kumar Anumandla
132/9714,Rangababu Peesapati
a/AAbraham,Ajith Abraham
139/1862,Madhusoodhnan Nair
138/6119,Nagarjuna Reddy Busireddy
20/1039,Layak Ali
80/10957,Sesham Srinu
80/10956,A. Raveendranadh
56/10585,Alefiah Mubeen
138/6125,Shravan Kudikala
72/10593,Dama Lavanya
38/10604,Moumita Patra
118/7021,Deepak K. Tosh
17/2740,Chattrakul Sombattheera
52/8280,Kittichai Lavangnananda
93/4501,K. P. N. Murthy
05/9324,Shravan Kumar
85/6081,Jay S. Bagga
h/DangVanHung,Dang Van Hung
350/3519,Sabhapathy Myakal
55/8654,Nekuri Naveen
190/5756,Mamillapalli Chilaka Rao
74/1897,Mayank Pandey
30/11106,Paramjeet
125/1616,Manideepto-Das
68/7291,Nikunj Chauhan
64/9252,Dudyala Anil Kumar
168/8378,Raghavendra Kune
90/1546,Pramodkumar Konugurthi
80/11462,Yarlagadda Padmasai
74/546,Kakarla Subba Rao
26/11463,S. Sita Jayalakshmi
338/5751,Sreenivasu Mirampalli
09/1571,Satish Narayana Srirama
31/566,Rajeev Wankar
162/6198,Tilottama Goswami
60/11532,Hemantha Kumar Kalluri
207/5234,Parwat Singh Anjana
228/7911,Priyanka Badiwal
240/6363,Swaroop Kallakuri
154/0569,Vijaya Lakshmi V. Nadimpalli
164/9139,Mulagala Sandhya
190/5775,Kirti
138/3084,Morusupalli Raghava
152/7295,P. Swathi
125/9730,B. L. Deekshatulu
154/0538,Mousumi Roy
65/1279,Apparao Allam
m/MNarasimhaMurty,M. Narasimha Murty
75/2122,Xiangjian He
06/5519,Paul Weng
31/8815,Rafah M. Almuttairi
49/7851,Mustafa Kaiiali
136/7731,Tarun Dhariwal
130/5658,B. Vikranth
138/3106,Vinay Kumar Verma
12/10557,Manish R. Joshi
33/6168,Pawan Lingras
118/0407,Sitaramaiah Ramisetti
08/10928,Snehal Masne
124/9892,N. A. B. Sankar Chebolu
124/9874,Chitti Kokil Kumar
116/8072,Rusydi Umar
63/9551,Gutha Jaya Krishna
64/10594,Hima Bindu Kommanti
16/10595,Maramreddy Umadevi
28/10264,Praveen Ganghishetti
77/7749,M. Uma Devi
57/7496,Omar Al Jadaan
36/7750,B. Sandhya
25/9323,Wael Abdulal
36/466,Ahmad Jabas
16/5384,Ramachandram Sirandas
32/10241,Essa Zaiton
g/GGanesan,G. Ganesan
43/6691,D. Latha
58/7530,Bhadra Mani
44/7530,P. Anantha Lakshmi
51/7530,Asima Pradhan
86/352,Prasanta K. Panigrahi
27/5520,J. Umakant
97/7531,K. Sudhakar
72/7531,P. M. Mujumdar
19/844,A. Nagaraju 0001
350/4557,Vibhuti Kumari
94/4013,Narayana Murthy Kavi
297/2641,Renjith P. Ravindran
350/3101,Ch. Ram Anirudh
94/4013,Kavi Narayana Murthy
164/1329,Srinivasu Badugu
127/7523,Hla Hla Htay
88/4677,Guntur Bharadwaja Kumar
41/1174,P. Srikanth
42/3702,K. Raghuveer
85/4890,Sasi Kanth Ala
139/1837,Kabita Agarwal
401/4201,Upali Aparajita Dash
317/3905,Sasmita Pahadsingh
387/6512,Shaktimayee Mishra
387/7443,Asit Kumar Panda
394/7820,Rahul Siyanwal
246/1778,Yaswanth Gavini
289/5712,Babu M. Mehtre
275/9660,Khushboo Jain
84/9508,Rakesh Kumar Yadav
222/5252,Kamlesh Kumar Raghuvanshi
10/7647,Amit Kumar Singh
09/314,Amita Dev
71/8783,V. B. Singh
132/0101,Pawan Singh Mehra
277/7403,Anshu Kumar Dwivedi
175/6209,Ashima Jain
216/3014,Saurabh N. Mehta
186/9944,Chariklia Georgopoulou
43/7529,Swati Jain
186/9918,Edward Rode
187/0416,George Dimopoulos
187/0064,Narasi Sridhar
187/0050,Nikolaos Kakalis
154/8355,Akhter Mohiuddin Rather
120/0162,Ted Xenodemetropoulos
127/9844,Yumna Abdelrahman
30/9648,Michael Dohan
41/3816,K. Ann McKibbon
64/1786,Joseph Tan
10/6907,Pradeep Kumar Nalla
236/1075,Pramod Kumar Konugurthi
15/6820,R. Krishnan
h/AHAbdulHafez,A. H. Abdul Hafez
47/1008,Ahmed Alrabie
44/2710,Karim Hussein
39/2682,Amar Gupta
05/4537,Patrick Shen-Pei Wang
82/4884,Homayoun Navabi
05/4537,Patrick S. P. Wang
46/1840,Len Granowetter
93/4154,K. S. Swaroop
59/765,Lik Mui
397/8148,Mudavath Ravi
401/1072,Madhuri Gadwal
397/7372,Bogolu Rupa
125/1701,Mrudula Sarvabhatla
327/1311,Konduru Upendra Raju
397/6770,Srinivasu Nulaka
306/7512,G. Madhuri
340/3805,Nitin Sai Bommi
359/9420,R. Aruna Flarence
168/7104,Tapan Kumar Sahoo
69/1774,Haider Banka
154/8937,Nenavath Srinivas Naik
207/1271,B. R. Tapas Bapu
99/3917,R. Anitha
55/5087,Vijender Busi Reddy
99/2653,S. Venkataraman
245/4560,V. Raghu Venkataraman
342/2560,Anish M. Rao
177/1985,Devarapalli Koteswara Rao
235/1617,Rajesh K
05/4576,Raj Bhatnagar
61/5722,Laxmi Parida
154/0430-2,Chandra Shekhar Verma 0002
217/5167,V. Dinesh Reddy 0001
17/735,KC Santosh
99/3666,Mallikarjun Hangarge
14/910,Vitoantonio Bevilacqua
58/970,Vijaya Kumar Kadappa
213/8355,Devarapalli Koteswara
77/7630,T. Hitendra Sarma
228/6703,P. Viswanath
50/9449,Kavitha Athota
168/6941,Manoj Kumar Gundawar
177/1985,D. Koteswara Rao
170/0003,Mohsen Hallaj Asghar
170/0008,Nasibeh Mohammadzadeh
207/1764,Taraneh Kazerouni
51/10453,Kavitha Ammayappan
176/2300,Suresh Kumar Thirupuranthakam
138/0044,Sujoy Sarkar
126/1083,Saumya Jetley
78/9103,Swapnil Belhe
00/7800,Vijaya Kumar Koppula
181/5247,Samit Kumar Pradhan
95/9065,Jitendra Kumar Rai
39/871,Ashok Kumar Das
71/7909,K. D. Nayak
27/5376,G. Geethakumari
81/4230,Utpal Garain
58/970,Kadappagari Vijaya Kumar
78/3427,B. Panigrahi
44/1574,Madhabananda Das
84/3932,N. Santosh Arjun
33/7074,Thulasi Goriparthi
64/6524,Manik Lal Das
16/4969,Sameer Verma
38/7321,Leigh Jin
58/388,Jignesh Dholakia
85/6186,S. Rama Mohan
52/2841,C. V. Raman
41/5013,Sadybakasov Ulanbek
39/4968,Amarnath K. Koundinya
34/3392,K. Nikhil Shanker
83/923,Chandra Kanth Chereddi
83/6845,P. Sreedevi
03/2328,P. Debbarma
327/2466,Digambar Pawar
348/1572,Raghavendra Gowda
309/7121,Krishna Chandra
152/3822,Sonam Sharma
221/9430,Neha Kaliya
353/1059,Raghavendra Gowada
353/0634,Biplab Barman
327/2570,Pranitha Sanda
122/1949,Radha Vedala
328/4324,Mayank Gajpal
205/3123,N. Chaitanya Kumar
205/2432,Priyadarshi Singh
35/4372,Subhamoy Maitra
86/5160,Pantelimon Stanica
86/1861,Sugata Gangopadhyay
48/4376,Abhijit Mitra
32/5647,S. R. Mahadeva Prasanna
04/4609,Anurag Singh Baghel
86/4146,André Rossi
333/8080,Edukondalu Chappidi
400/2129,Mohd Danish Rasheed
52/2661,Rammohan Mallipeddi
350/2538,Sebanti Majumder
153/4065,Venkatesh Pandiri
376/6541,Pritibahen Sumanbhai Patel
296/8404,Kasi Viswanath Dasari
49/5890-2,Gaurav Srivastava 0002
295/3581,Mallikarjun Rao Nakkala
76/3449,Marc Sevaux
153/4065,Pandiri Venkatesh
66/191-1,Shyam Sundar 0001
166/0914,Jayalakshmi Banda
153/7927,Sachchida Nand Chaurasia
160/4711,Vuyyuru Gopinadh
157/3134,C. G. Nitash
138/6127,V. Venkata Ramana Murthy
251/2442,Lakshmi Kanth Munganda
73/4668,Jorge M. S. Valente
122/0281,Maria do Rosário Alves Moreira
117/9921,Manohar Pallantla
22/6481,Martin Josef Geiger
34/10605,Santhosh Peddi
75/7644,Srikanth Pulikanti
81/2980,Ashok Kumar Gupta
66/8044,China Venkaiah Vadlamudi
252/6633,Sesha Phani Deepika Vadlamudi
78/4208,Umesh Kumar
66/8044,Vadlamudi Ch. Venkaiah
19/7787,Ajeet Singh
128/5288,Appala Naidu Tentu
164/5173,Y. Narasimhulu
304/6883,Ashok Suthar
304/7030,Raghunadh Pasunuri
281/2293,Jyoti Lamba
375/0710,Harsha Putla
223/9627,Kallepu Raju
216/0856,K. Bhavani
155/8764,Dileep Kumar Pattipati
24/3334,Allam Appa Rao
179/6841,Lalitha Kiran Nemana
168/7040,Banita Mahapatra
128/5176,Prabal Paul
71/33,K. Ramanjaneyulu
155/9984,Neelima Jampala
155/9992,J. Rajendra Prasad
g/TAGulliver,T. Aaron Gulliver
55/10683,D. M. Vinod Kumar
86/8044,Kishore Yadav
14/8045,Satish Varagani
84/2688,Kishore Kothapalli
42/1668,Mukul S. Bansal
127/1434,Eric A. Lord
178/4975,Syamal Kumar Sen
p/ArogyaswamiPaulraj,Arogyaswami Paulraj
365/2669,Harshitha Bingi
168/6680,Shailendra Sahu
201/3984,Junaid Alam
233/1446,C. V. Krishna Veni
138/0221,P. V. Soujanya
117/9911,A. Poorna Chandrasekhar
117/9923,P. Manasa
117/9884,M. R. Prasad
312/3039,N. D. Patel
289/5712,B. M. Mehtre
334/1256,Sarra Namane
01/7583,Nacira Ghoualmi-Zine
214/2624,C. R. Rao 0002
07/5312,Sakir Sezer
124/9935,Nguyen Kim Loi
43/3355,Tho T. Quan
03/6153,Rajendra Akerkar
263/4582-1,Arun Kumar Das